{
  "info": {
    "name": "KPA Updated APIs",
    "_postman_id": "dummy-id",
    "description": "Collection with implemented APIs",
    "schema": "https://schema.getpostman.com/json/collection/v2.1.0/collection.json"
  },
  "item": [
    {
      "name": "Submit Bogie Checksheet",
      "request": {
        "method": "POST",
        "header": [{"key": "Content-Type", "value": "application/json"}],
        "body": {
          "mode": "raw",
          "raw": "{
    "coach_number": "C123",
    "bogie_number": "B456"
}"
        },
        "url": {
          "raw": "http://localhost:8000/bogie/checksheet",
          "protocol": "http",
          "host": ["localhost"],
          "port": "8000",
          "path": ["bogie", "checksheet"]
        }
      }
    },
    {
      "name": "Submit Wheel Specification",
      "request": {
        "method": "POST",
        "header": [{"key": "Content-Type", "value": "application/json"}],
        "body": {
          "mode": "raw",
          "raw": "{
    "wheel_number": "W789",
    "diameter": "840mm",
    "type": "solid"
}"
        },
        "url": {
          "raw": "http://localhost:8000/wheel/specification",
          "protocol": "http",
          "host": ["localhost"],
          "port": "8000",
          "path": ["wheel", "specification"]
        }
      }
    }
  ]
}
